<?xml version="1.0" encoding="UTF-8" standalone="yes"?>
<addon id="plugin.program.onealliancewizard" name="OneAlliance Wizard" version="1.1.2" provider-name="OneAlliance">
  <requires>
    <import addon="xbmc.python" version="2.1.0"/>
  </requires>
  <extension point="xbmc.python.pluginsource" library="default.py">
    <provides>executable</provides>
  </extension>
  <extension point="xbmc.service" library="startup.py" start="startup" />
  <extension point="xbmc.addon.metadata">
    <summary lang="en">OneAlliance Wizard</summary>
    <description lang="en">OneAlliance Wizard allows you to gain access to the latest OneAlliance Custom Builds.</description>
    <platform>all</platform>
  </extension>
</addon>