<?xml version="1.0" encoding="UTF-8" standalone="yes"?>
<addon id="plugin.program.TeslaWizard" name="Tesla Wizard" version="1.2.0" provider-name="Tesla">
  <requires>
    <import addon="xbmc.python" version="2.1.0"/>
  </requires>
  <extension point="xbmc.python.pluginsource" library="default.py">
    <provides>executable</provides>
  </extension>
  <extension point="xbmc.service" library="startup.py" start="startup" />
  <extension point="xbmc.addon.metadata">
    <summary lang="en">Tesla Wizard</summary>
    <description lang="en">TeslaWizard allows you to gain access to the latest Tesla Custom Builds.</description>
    <platform>all</platform>
  </extension>
</addon>