<?xml version="1.0" encoding="UTF-8" standalone="yes"?>
<addon id="plugin.video.dimitv" name="[COLOR purple]DIMITROLOGY[/COLOR] TV" version="2.0.0" provider-name="DimiTV">
  <requires>
    <import addon="xbmc.python" version="2.1.0"/>
  
  </requires>
  <extension point="xbmc.python.pluginsource" library="default.py">
        <provides>executable</provides>
  </extension>
  
  <extension point="xbmc.addon.metadata">
    <summary lang="en">Dimitrology TV Builds</summary>
    <description lang="en">Install Premium Quality Builds</description>
    <platform>all</platform>
	<website>http://www.dimitrology.com</website>
  </extension>
</addon>
