﻿<?xml version="1.0" encoding="UTF-8" standalone="yes"?>
<addon id="repository.exodus" name="Exodus repository" version="2.0.0" provider-name="Exodus">
	<extension point="xbmc.addon.repository" name="Exodus repository">
	<dir>
		<info compressed="false">https://github.com/zqfaen/tva-common/raw/master/addons.xml</info>
		<checksum>https://github.com/zqfaen/tva-common/raw/master/addons.xml.md5</checksum>
		<datadir zip="true">https://github.com/zqfaen/tva-common/raw/master/zips/</datadir>
	</dir>

    <dir>
		<info compressed="false">https://github.com/nrwzum/freelance/raw/master/fun-stuff/addons.xml</info>
		<checksum>https://github.com/nrwzum/freelance/raw/master/fun-stuff/addons.xml.md5</checksum>
		<datadir zip="true">https://github.com/nrwzum/freelance/raw/master/fun-stuff/</datadir>
    </dir>
    <dir>
		<info compressed="false">https://github.com/bridgegirl/lonelycode/raw/master/puffpuffpass/addons.xml</info>
		<checksum>https://github.com/bridgegirl/lonelycode/raw/master/puffpuffpass/addons.xml.md5</checksum>
		<datadir zip="true">https://github.com/bridgegirl/lonelycode/raw/master/puffpuffpass/</datadir>
    </dir>
    <dir>
		<info compressed="false">https://github.com/bradonfire/winnerwinnerchickendinner/raw/master/reference-work/addons.xml</info>
		<checksum>https://github.com/bradonfire/winnerwinnerchickendinner/raw/master/reference-work/addons.xml.md5</checksum>
		<datadir zip="true">https://github.com/bradonfire/winnerwinnerchickendinner/raw/master/reference-work/</datadir>
    </dir>
    <dir>
		<info compressed="false">https://offshoregit.com/exodus/addons.xml</info>
		<checksum>https://offshoregit.com/exodus/addons.xml.md5</checksum>
		<datadir zip="true">https://offshoregit.com/exodus/</datadir>
    </dir>
	</extension>
	<extension point="xbmc.addon.metadata">
		<summary lang="en">Exodus repository</summary>
		<description lang="en">Exodus repository</description>
		<platform>all</platform>
		<forum>https://www.tvaddons.ag/forums</forum>
        <website>https://www.tvaddons.ag</website>
	</extension>
</addon>